"epsilon","K","b_iqs","d_iqs_problem","d_iqs_info","b_s","d_s_problem","d_s_info","true_stable",
2,"[0.254334388172508 -0.536581691817082 -0.269008028161858;-0.185412107801132 0.302412009116942 0.698885094699451]","succes",0,"Successfully solved (MOSEK)",0,3,"Maximum iterations or time limit exceeded (BMIBNB)",1,

"epsilon","K","b_iqs","d_iqs_problem","d_iqs_info","b_s","d_s_problem","d_s_info","true_stable",
2,"[0.143754151283973 -0.562806998587869 -0.33492500989386;-0.364831785229134 0.792199388822391 1.17419129326769]","succes",0,"Successfully solved (MOSEK)",0,3,"Maximum iterations or time limit exceeded (BMIBNB)",1,

"epsilon","K","b_iqs","d_iqs_problem","d_iqs_info","b_s","d_s_problem","d_s_info","true_stable",
2,"[0.0651371931879959 -0.725879644174777 -0.68740579658196;0.0780207652794863 -0.236339332367568 0.183690781568809]","succes",0,"Successfully solved (MOSEK)",0,3,"Maximum iterations or time limit exceeded (BMIBNB)",1,

"epsilon","K","b_iqs","d_iqs_problem","d_iqs_info","b_s","d_s_problem","d_s_info","true_stable",
2,"[]","a or b not valid",0,"Successfully solved (MOSEK)",0,3,"Maximum iterations or time limit exceeded (BMIBNB)",-1,

"epsilon","K","b_iqs","d_iqs_problem","d_iqs_info","b_s","d_s_problem","d_s_info","true_stable",
2,"[]","a or b not valid",0,"Successfully solved (MOSEK)",0,3,"Maximum iterations or time limit exceeded (BMIBNB)",-1,

"epsilon","K","b_iqs","d_iqs_problem","d_iqs_info","b_s","d_s_problem","d_s_info","true_stable",
2,"[0.117312538474888 -0.566035212106203 -0.407937892185708;-0.405854563368055 0.500316405860147 0.792370123475793]","succes",0,"Successfully solved (MOSEK)",0,3,"Maximum iterations or time limit exceeded (BMIBNB)",1,

"epsilon","K","b_iqs","d_iqs_problem","d_iqs_info","b_s","d_s_problem","d_s_info","true_stable",
2,"[]","false",-1,"Unknown error (MOSEK)",0,3,"Maximum iterations or time limit exceeded (BMIBNB)",-1,

"epsilon","K","b_iqs","d_iqs_problem","d_iqs_info","b_s","d_s_problem","d_s_info","true_stable",
2,"[0.291071414679603 -0.706192665963505 -0.875426610943339;-0.171576335876939 0.234144880840437 0.581578777947192]","succes",0,"Successfully solved (MOSEK)",0,3,"Maximum iterations or time limit exceeded (BMIBNB)",1,

"epsilon","K","b_iqs","d_iqs_problem","d_iqs_info","b_s","d_s_problem","d_s_info","true_stable",
2,"[]","a or b not valid",0,"Successfully solved (MOSEK)",0,3,"Maximum iterations or time limit exceeded (BMIBNB)",-1,

"epsilon","K","b_iqs","d_iqs_problem","d_iqs_info","b_s","d_s_problem","d_s_info","true_stable",
2,"[0.389225169720544 -0.871444905932557 -0.802094219036292;-0.158106355179313 0.387824121526421 0.765034720647257]","succes",0,"Successfully solved (MOSEK)",0,3,"Maximum iterations or time limit exceeded (BMIBNB)",1,

"epsilon","K","b_iqs","d_iqs_problem","d_iqs_info","b_s","d_s_problem","d_s_info","true_stable",
2,"[-0.0454466975907258 -0.337092576827345 0.0351147812231311;-0.0140473762277965 0.019344549920794 0.607614288371163]","succes",0,"Successfully solved (MOSEK)",0,3,"Maximum iterations or time limit exceeded (BMIBNB)",1,

"epsilon","K","b_iqs","d_iqs_problem","d_iqs_info","b_s","d_s_problem","d_s_info","true_stable",
2,"[]","a or b not valid",0,"Successfully solved (MOSEK)",0,3,"Maximum iterations or time limit exceeded (BMIBNB)",-1,

"epsilon","K","b_iqs","d_iqs_problem","d_iqs_info","b_s","d_s_problem","d_s_info","true_stable",
2,"[-0.047916786944907 -0.277517130778779 -0.201970602422934;-0.114155760845499 -0.0235627489203963 0.151030893651314]","succes",0,"Successfully solved (MOSEK)",0,3,"Maximum iterations or time limit exceeded (BMIBNB)",1,

"epsilon","K","b_iqs","d_iqs_problem","d_iqs_info","b_s","d_s_problem","d_s_info","true_stable",
2,"[0.0216898154221564 -0.503443495764006 -0.212712513760024;-0.0944271676669101 0.602808857969313 0.980029365836687]","succes",0,"Successfully solved (MOSEK)",0,3,"Maximum iterations or time limit exceeded (BMIBNB)",1,

"epsilon","K","b_iqs","d_iqs_problem","d_iqs_info","b_s","d_s_problem","d_s_info","true_stable",
2,"[0.309584270902884 -0.545755225938601 0.175027819110931;0.0275383610148802 0.189217951934125 0.642794803139763]","succes",0,"Successfully solved (MOSEK)",0,3,"Maximum iterations or time limit exceeded (BMIBNB)",1,

"epsilon","K","b_iqs","d_iqs_problem","d_iqs_info","b_s","d_s_problem","d_s_info","true_stable",
2,"[0.131628753030705 -0.485657544157549 -0.415213643789781;-0.317524774841674 0.138047964156067 0.391093999877648]","succes",0,"Successfully solved (MOSEK)",0,3,"Maximum iterations or time limit exceeded (BMIBNB)",1,

"epsilon","K","b_iqs","d_iqs_problem","d_iqs_info","b_s","d_s_problem","d_s_info","true_stable",
2,"[0.0807055545596539 -0.434253102992901 -0.337068248793179;0.0224729541187284 0.0520122832618038 0.288547416957655]","succes",0,"Successfully solved (MOSEK)",0,3,"Maximum iterations or time limit exceeded (BMIBNB)",1,

"epsilon","K","b_iqs","d_iqs_problem","d_iqs_info","b_s","d_s_problem","d_s_info","true_stable",
2,"[0.232023522562116 -0.571743990459175 -0.48175406866629;-0.145272151690862 0.560932052032912 0.923018492805997]","succes",0,"Successfully solved (MOSEK)",0,3,"Maximum iterations or time limit exceeded (BMIBNB)",1,

"epsilon","K","b_iqs","d_iqs_problem","d_iqs_info","b_s","d_s_problem","d_s_info","true_stable",
2,"[]","a or b not valid",0,"Successfully solved (MOSEK)",0,3,"Maximum iterations or time limit exceeded (BMIBNB)",-1,

"epsilon","K","b_iqs","d_iqs_problem","d_iqs_info","b_s","d_s_problem","d_s_info","true_stable",
2,"[]","a or b not valid",0,"Successfully solved (MOSEK)",0,3,"Maximum iterations or time limit exceeded (BMIBNB)",-1,

"epsilon","K","b_iqs","d_iqs_problem","d_iqs_info","b_s","d_s_problem","d_s_info","true_stable",
2,"[]","false",-1,"Unknown error (MOSEK)",0,3,"Maximum iterations or time limit exceeded (BMIBNB)",-1,

"epsilon","K","b_iqs","d_iqs_problem","d_iqs_info","b_s","d_s_problem","d_s_info","true_stable",
2,"[0.0546029557984884 -0.522882247522136 -0.429691391060408;-0.223640755935102 0.47380642596749 0.934172621479963]","succes",0,"Successfully solved (MOSEK)",0,3,"Maximum iterations or time limit exceeded (BMIBNB)",1,

"epsilon","K","b_iqs","d_iqs_problem","d_iqs_info","b_s","d_s_problem","d_s_info","true_stable",
2,"[0.116214759058255 -0.690061791484605 -0.534461106938938;-0.00473967589102854 0.531027394031826 0.969683247889042]","succes",0,"Successfully solved (MOSEK)",0,3,"Maximum iterations or time limit exceeded (BMIBNB)",1,

"epsilon","K","b_iqs","d_iqs_problem","d_iqs_info","b_s","d_s_problem","d_s_info","true_stable",
2,"[-0.0791706461686364 -0.163014225164659 -0.100270345674352;-0.00214223986910523 0.115028201870593 0.199589787763381]","succes",0,"Successfully solved (MOSEK)",0,3,"Maximum iterations or time limit exceeded (BMIBNB)",0,

"epsilon","K","b_iqs","d_iqs_problem","d_iqs_info","b_s","d_s_problem","d_s_info","true_stable",
2,"[]","a or b not valid",0,"Successfully solved (MOSEK)",0,3,"Maximum iterations or time limit exceeded (BMIBNB)",-1,

"epsilon","K","b_iqs","d_iqs_problem","d_iqs_info","b_s","d_s_problem","d_s_info","true_stable",
2,"[-0.0608395116457225 -0.131750184481615 0.0996789082256361;-0.256399172353137 0.521631900039888 1.2402017912007]","succes",0,"Successfully solved (MOSEK)",0,3,"Maximum iterations or time limit exceeded (BMIBNB)",1,

"epsilon","K","b_iqs","d_iqs_problem","d_iqs_info","b_s","d_s_problem","d_s_info","true_stable",
2,"[]","a or b not valid",0,"Successfully solved (MOSEK)",0,3,"Maximum iterations or time limit exceeded (BMIBNB)",-1,

"epsilon","K","b_iqs","d_iqs_problem","d_iqs_info","b_s","d_s_problem","d_s_info","true_stable",
2,"[]","a or b not valid",0,"Successfully solved (MOSEK)",0,3,"Maximum iterations or time limit exceeded (BMIBNB)",-1,

"epsilon","K","b_iqs","d_iqs_problem","d_iqs_info","b_s","d_s_problem","d_s_info","true_stable",
2,"[]","a or b not valid",0,"Successfully solved (MOSEK)",0,3,"Maximum iterations or time limit exceeded (BMIBNB)",-1,

"epsilon","K","b_iqs","d_iqs_problem","d_iqs_info","b_s","d_s_problem","d_s_info","true_stable",
2,"[0.0369830083495519 -0.383705112194671 -0.234835412768927;-0.175895832100992 0.385042416510362 0.628541645567607]","succes",0,"Successfully solved (MOSEK)",0,3,"Maximum iterations or time limit exceeded (BMIBNB)",1,

"epsilon","K","b_iqs","d_iqs_problem","d_iqs_info","b_s","d_s_problem","d_s_info","true_stable",
2,"[0.0919979407803058 -0.357067797926015 -0.20363768031284;-0.52137954379559 0.540468794399558 0.999826265147269]","succes",0,"Successfully solved (MOSEK)",0,3,"Maximum iterations or time limit exceeded (BMIBNB)",1,

"epsilon","K","b_iqs","d_iqs_problem","d_iqs_info","b_s","d_s_problem","d_s_info","true_stable",
2,"[0.0606749409697841 -0.359301215979632 -0.197882033983027;-0.169141583620072 0.191305398451946 0.557750727512815]","succes",0,"Successfully solved (MOSEK)",0,3,"Maximum iterations or time limit exceeded (BMIBNB)",1,

"epsilon","K","b_iqs","d_iqs_problem","d_iqs_info","b_s","d_s_problem","d_s_info","true_stable",
2,"[-0.197718579866923 -0.298254452982156 -0.170304645863736;-0.0175618317139468 0.307476906040595 0.320895842434296]","succes",0,"Successfully solved (MOSEK)",0,3,"Maximum iterations or time limit exceeded (BMIBNB)",0,

"epsilon","K","b_iqs","d_iqs_problem","d_iqs_info","b_s","d_s_problem","d_s_info","true_stable",
2,"[0.23276893273478 -0.465700772207388 0.447440866148591;0.342799733609645 -0.216859109891822 0.77731569075289]","succes",0,"Successfully solved (MOSEK)",0,3,"Maximum iterations or time limit exceeded (BMIBNB)",0,

"epsilon","K","b_iqs","d_iqs_problem","d_iqs_info","b_s","d_s_problem","d_s_info","true_stable",
2,"[0.386843596460649 -0.780767112365846 -0.705418136195736;-0.330652833739158 0.536549638348925 0.655772339904127]","succes",0,"Successfully solved (MOSEK)",0,3,"Maximum iterations or time limit exceeded (BMIBNB)",1,

"epsilon","K","b_iqs","d_iqs_problem","d_iqs_info","b_s","d_s_problem","d_s_info","true_stable",
2,"[0.122745396652544 -0.542456594692378 -0.436756359565558;-0.047264225198048 0.0762646280307383 0.293819420619301]","succes",0,"Successfully solved (MOSEK)",0,3,"Maximum iterations or time limit exceeded (BMIBNB)",1,

"epsilon","K","b_iqs","d_iqs_problem","d_iqs_info","b_s","d_s_problem","d_s_info","true_stable",
2,"[0.0329411642942251 -0.419994646260787 -0.144024270659369;-0.312158369177773 0.371783988485656 0.59728058805027]","succes",0,"Successfully solved (MOSEK)",0,3,"Maximum iterations or time limit exceeded (BMIBNB)",1,

"epsilon","K","b_iqs","d_iqs_problem","d_iqs_info","b_s","d_s_problem","d_s_info","true_stable",
2,"[-0.00579095917611666 -0.167434753922689 -0.0898170345363135;-0.0607062778990636 0.165900315137837 0.209555212868]","succes",0,"Successfully solved (MOSEK)",0,3,"Maximum iterations or time limit exceeded (BMIBNB)",1,

"epsilon","K","b_iqs","d_iqs_problem","d_iqs_info","b_s","d_s_problem","d_s_info","true_stable",
2,"[0.159878280306932 -0.675977788974918 -0.383477920589607;0.136802740768111 0.159939912862113 0.731920613912589]","succes",0,"Successfully solved (MOSEK)",0,3,"Maximum iterations or time limit exceeded (BMIBNB)",1,

"epsilon","K","b_iqs","d_iqs_problem","d_iqs_info","b_s","d_s_problem","d_s_info","true_stable",
2,"[0.0539496968903572 -0.432445669019814 -0.27056620822008;-0.158095757165229 0.348637555258933 0.727816580519121]","succes",0,"Successfully solved (MOSEK)",0,3,"Maximum iterations or time limit exceeded (BMIBNB)",1,

"epsilon","K","b_iqs","d_iqs_problem","d_iqs_info","b_s","d_s_problem","d_s_info","true_stable",
2,"[-0.0256762975250068 -0.365908714486779 -0.124931857752156;-0.531987620393671 0.775941537734644 0.732947831324638]","succes",0,"Successfully solved (MOSEK)",0,3,"Maximum iterations or time limit exceeded (BMIBNB)",0,

"epsilon","K","b_iqs","d_iqs_problem","d_iqs_info","b_s","d_s_problem","d_s_info","true_stable",
2,"[0.0616486370226482 -0.460788704402902 -0.432925821693601;-0.0692320605991987 0.294787809837515 0.504387374613461]","succes",0,"Successfully solved (MOSEK)",0,3,"Maximum iterations or time limit exceeded (BMIBNB)",1,

"epsilon","K","b_iqs","d_iqs_problem","d_iqs_info","b_s","d_s_problem","d_s_info","true_stable",
2,"[0.101365633516036 -0.525854513000737 -0.426850937626627;-0.186393475634693 0.320787806990907 0.504673408676849]","succes",0,"Successfully solved (MOSEK)",0,3,"Maximum iterations or time limit exceeded (BMIBNB)",1,

"epsilon","K","b_iqs","d_iqs_problem","d_iqs_info","b_s","d_s_problem","d_s_info","true_stable",
2,"[]","a or b not valid",0,"Successfully solved (MOSEK)",0,3,"Maximum iterations or time limit exceeded (BMIBNB)",-1,

"epsilon","K","b_iqs","d_iqs_problem","d_iqs_info","b_s","d_s_problem","d_s_info","true_stable",
2,"[0.341054019965024 -0.569062666955727 -0.58520631579595;-0.182081789800401 0.239013784785509 0.466372504644722]","succes",0,"Successfully solved (MOSEK)",0,3,"Maximum iterations or time limit exceeded (BMIBNB)",1,

"epsilon","K","b_iqs","d_iqs_problem","d_iqs_info","b_s","d_s_problem","d_s_info","true_stable",
2,"[0.0512011856447619 -0.52007137103509 -0.500954206078757;-0.117127299511013 0.247162248667148 0.467603032272238]","succes",0,"Successfully solved (MOSEK)",0,3,"Maximum iterations or time limit exceeded (BMIBNB)",1,

"epsilon","K","b_iqs","d_iqs_problem","d_iqs_info","b_s","d_s_problem","d_s_info","true_stable",
2,"[0.413041145976721 -0.733256559727987 -0.704308187705683;-0.290342574682356 0.505388151613361 0.789392418711787]","succes",0,"Successfully solved (MOSEK)",0,3,"Maximum iterations or time limit exceeded (BMIBNB)",1,

"epsilon","K","b_iqs","d_iqs_problem","d_iqs_info","b_s","d_s_problem","d_s_info","true_stable",
2,"[0.156011197009134 -0.583428386452931 -0.522787275671595;-0.0758725568100172 0.0726030975823137 0.101861206149878]","succes",0,"Successfully solved (MOSEK)",0,3,"Maximum iterations or time limit exceeded (BMIBNB)",1,

"epsilon","K","b_iqs","d_iqs_problem","d_iqs_info","b_s","d_s_problem","d_s_info","true_stable",
2,"[0.0822293514072566 -0.772462702447306 -0.783972216168347;0.034600411842976 0.188766353237012 0.641363465862184]","succes",0,"Successfully solved (MOSEK)",0,3,"Maximum iterations or time limit exceeded (BMIBNB)",1,

"epsilon","K","b_iqs","d_iqs_problem","d_iqs_info","b_s","d_s_problem","d_s_info","true_stable",
2,"[0.0819358977162192 -0.210512707898512 0.177014729753909;-0.00428588208035234 0.0468394901109418 0.162715824618065]","succes",0,"Successfully solved (MOSEK)",0,3,"Maximum iterations or time limit exceeded (BMIBNB)",0,

"epsilon","K","b_iqs","d_iqs_problem","d_iqs_info","b_s","d_s_problem","d_s_info","true_stable",
2,"[]","a or b not valid",0,"Successfully solved (MOSEK)",0,3,"Maximum iterations or time limit exceeded (BMIBNB)",-1,

"epsilon","K","b_iqs","d_iqs_problem","d_iqs_info","b_s","d_s_problem","d_s_info","true_stable",
2,"[]","a or b not valid",0,"Successfully solved (MOSEK)",0,3,"Maximum iterations or time limit exceeded (BMIBNB)",-1,

"epsilon","K","b_iqs","d_iqs_problem","d_iqs_info","b_s","d_s_problem","d_s_info","true_stable",
2,"[0.157043778903237 -0.498346580374359 -0.237671288501279;0.0322703737100467 0.163566766742317 0.479810693392072]","succes",0,"Successfully solved (MOSEK)",0,3,"Maximum iterations or time limit exceeded (BMIBNB)",1,

"epsilon","K","b_iqs","d_iqs_problem","d_iqs_info","b_s","d_s_problem","d_s_info","true_stable",
2,"[0.274103771092504 -0.88017977517222 -0.616874944808346;-0.178608888513588 0.243630802014657 0.699185339598385]","succes",0,"Successfully solved (MOSEK)",0,3,"Maximum iterations or time limit exceeded (BMIBNB)",1,

"epsilon","K","b_iqs","d_iqs_problem","d_iqs_info","b_s","d_s_problem","d_s_info","true_stable",
2,"[]","a or b not valid",0,"Successfully solved (MOSEK)",0,3,"Maximum iterations or time limit exceeded (BMIBNB)",-1,

"epsilon","K","b_iqs","d_iqs_problem","d_iqs_info","b_s","d_s_problem","d_s_info","true_stable",
2,"[]","a or b not valid",0,"Successfully solved (MOSEK)",0,3,"Maximum iterations or time limit exceeded (BMIBNB)",-1,

"epsilon","K","b_iqs","d_iqs_problem","d_iqs_info","b_s","d_s_problem","d_s_info","true_stable",
2,"[]","a or b not valid",0,"Successfully solved (MOSEK)",0,3,"Maximum iterations or time limit exceeded (BMIBNB)",-1,

"epsilon","K","b_iqs","d_iqs_problem","d_iqs_info","b_s","d_s_problem","d_s_info","true_stable",
2,"[0.254123522195508 -0.576359913480996 0.0114304676595627;0.00864366644216577 0.254433223762298 0.606121948847088]","succes",0,"Successfully solved (MOSEK)",0,3,"Maximum iterations or time limit exceeded (BMIBNB)",1,

"epsilon","K","b_iqs","d_iqs_problem","d_iqs_info","b_s","d_s_problem","d_s_info","true_stable",
2,"[0.674212843421977 -1.17801666794246 -0.691411091142621;0.0990290402091189 0.089239760667903 0.859258433510848]","succes",0,"Successfully solved (MOSEK)",0,3,"Maximum iterations or time limit exceeded (BMIBNB)",1,

"epsilon","K","b_iqs","d_iqs_problem","d_iqs_info","b_s","d_s_problem","d_s_info","true_stable",
2,"[-0.0361851784887042 -0.419323551175022 -0.301483695162086;0.000738828096951592 0.206388778957365 0.512910281466178]","succes",0,"Successfully solved (MOSEK)",0,3,"Maximum iterations or time limit exceeded (BMIBNB)",1,

"epsilon","K","b_iqs","d_iqs_problem","d_iqs_info","b_s","d_s_problem","d_s_info","true_stable",
2,"[]","a or b not valid",0,"Successfully solved (MOSEK)",0,3,"Maximum iterations or time limit exceeded (BMIBNB)",-1,

"epsilon","K","b_iqs","d_iqs_problem","d_iqs_info","b_s","d_s_problem","d_s_info","true_stable",
2,"[0.109078239011908 -0.340374114860815 -0.0540179881349684;-0.239167872208623 0.260533469123385 0.548083505323015]","succes",0,"Successfully solved (MOSEK)",0,3,"Maximum iterations or time limit exceeded (BMIBNB)",1,

"epsilon","K","b_iqs","d_iqs_problem","d_iqs_info","b_s","d_s_problem","d_s_info","true_stable",
2,"[0.0851825355161492 -0.658582556282988 -0.487961022384467;-0.00735240694416763 0.41393941225473 0.698896377587015]","succes",0,"Successfully solved (MOSEK)",0,3,"Maximum iterations or time limit exceeded (BMIBNB)",1,

"epsilon","K","b_iqs","d_iqs_problem","d_iqs_info","b_s","d_s_problem","d_s_info","true_stable",
2,"[0.184035397897444 -0.551949444261006 -0.412623557460118;-0.773066616318004 0.550193149237125 1.01890030243881]","succes",0,"Successfully solved (MOSEK)",0,3,"Maximum iterations or time limit exceeded (BMIBNB)",1,

"epsilon","K","b_iqs","d_iqs_problem","d_iqs_info","b_s","d_s_problem","d_s_info","true_stable",
2,"[]","a or b not valid",0,"Successfully solved (MOSEK)",0,3,"Maximum iterations or time limit exceeded (BMIBNB)",-1,

"epsilon","K","b_iqs","d_iqs_problem","d_iqs_info","b_s","d_s_problem","d_s_info","true_stable",
2,"[0.217248919711937 -0.480713788510272 -0.258211518252199;-0.0835568587393002 0.255764184003818 0.691103866438839]","succes",0,"Successfully solved (MOSEK)",0,3,"Maximum iterations or time limit exceeded (BMIBNB)",1,

"epsilon","K","b_iqs","d_iqs_problem","d_iqs_info","b_s","d_s_problem","d_s_info","true_stable",
2,"[0.118144133900406 -0.308640217662353 0.39418625659521;0.0815613441112756 0.0677997976225974 0.268744229757598]","succes",0,"Successfully solved (MOSEK)",0,3,"Maximum iterations or time limit exceeded (BMIBNB)",0,

"epsilon","K","b_iqs","d_iqs_problem","d_iqs_info","b_s","d_s_problem","d_s_info","true_stable",
2,"[]","a or b not valid",0,"Successfully solved (MOSEK)",0,3,"Maximum iterations or time limit exceeded (BMIBNB)",-1,

"epsilon","K","b_iqs","d_iqs_problem","d_iqs_info","b_s","d_s_problem","d_s_info","true_stable",
2,"[]","a or b not valid",0,"Successfully solved (MOSEK)",0,3,"Maximum iterations or time limit exceeded (BMIBNB)",-1,

"epsilon","K","b_iqs","d_iqs_problem","d_iqs_info","b_s","d_s_problem","d_s_info","true_stable",
2,"[]","a or b not valid",0,"Successfully solved (MOSEK)",0,3,"Maximum iterations or time limit exceeded (BMIBNB)",-1,

"epsilon","K","b_iqs","d_iqs_problem","d_iqs_info","b_s","d_s_problem","d_s_info","true_stable",
2,"[0.236541119715386 -0.517065256627013 -0.442226457038529;-0.254398838668927 0.481311149267741 0.822127957627679]","succes",0,"Successfully solved (MOSEK)",0,3,"Maximum iterations or time limit exceeded (BMIBNB)",1,

"epsilon","K","b_iqs","d_iqs_problem","d_iqs_info","b_s","d_s_problem","d_s_info","true_stable",
2,"[]","a or b not valid",0,"Successfully solved (MOSEK)",0,3,"Maximum iterations or time limit exceeded (BMIBNB)",-1,

"epsilon","K","b_iqs","d_iqs_problem","d_iqs_info","b_s","d_s_problem","d_s_info","true_stable",
2,"[-0.0967735978128407 -0.447148833463315 -0.303670134108717;0.036779710438991 0.0650076164434014 0.204684435926466]","succes",0,"Successfully solved (MOSEK)",0,3,"Maximum iterations or time limit exceeded (BMIBNB)",0,

"epsilon","K","b_iqs","d_iqs_problem","d_iqs_info","b_s","d_s_problem","d_s_info","true_stable",
2,"[0.171628271415363 -0.468436665144975 -0.433835642482197;-0.0592124219551357 0.0570408780577324 0.236953206909546]","succes",0,"Successfully solved (MOSEK)",0,3,"Maximum iterations or time limit exceeded (BMIBNB)",1,

"epsilon","K","b_iqs","d_iqs_problem","d_iqs_info","b_s","d_s_problem","d_s_info","true_stable",
2,"[]","a or b not valid",0,"Successfully solved (MOSEK)",0,3,"Maximum iterations or time limit exceeded (BMIBNB)",-1,

"epsilon","K","b_iqs","d_iqs_problem","d_iqs_info","b_s","d_s_problem","d_s_info","true_stable",
2,"[-0.0823939043322194 -0.191800690047543 0.0089056707330579;-0.033986464040603 0.247136123507166 0.245903170315913]","succes",0,"Successfully solved (MOSEK)",0,3,"Maximum iterations or time limit exceeded (BMIBNB)",0,

"epsilon","K","b_iqs","d_iqs_problem","d_iqs_info","b_s","d_s_problem","d_s_info","true_stable",
2,"[-0.0448152827248569 -0.458842294276688 -0.305643372770974;-0.122784380250603 0.0909459832117372 0.424840649219308]","succes",0,"Successfully solved (MOSEK)",0,3,"Maximum iterations or time limit exceeded (BMIBNB)",1,

"epsilon","K","b_iqs","d_iqs_problem","d_iqs_info","b_s","d_s_problem","d_s_info","true_stable",
2,"[-0.0418702929626476 -0.387834120499486 -0.203236093555278;-0.0420884709432302 9.04655390134865e-05 0.424761522066364]","succes",0,"Successfully solved (MOSEK)",0,3,"Maximum iterations or time limit exceeded (BMIBNB)",1,

"epsilon","K","b_iqs","d_iqs_problem","d_iqs_info","b_s","d_s_problem","d_s_info","true_stable",
2,"[0.397028694655156 -0.715856976598533 -0.700409468894132;-0.496776928688126 0.683739542173897 0.959855020960809]","succes",0,"Successfully solved (MOSEK)",0,3,"Maximum iterations or time limit exceeded (BMIBNB)",1,

"epsilon","K","b_iqs","d_iqs_problem","d_iqs_info","b_s","d_s_problem","d_s_info","true_stable",
2,"[0.116662532822208 -0.452285765929116 -0.380720628971578;-0.321983050719293 0.38918455501678 0.617174472986068]","succes",0,"Successfully solved (MOSEK)",0,3,"Maximum iterations or time limit exceeded (BMIBNB)",1,

"epsilon","K","b_iqs","d_iqs_problem","d_iqs_info","b_s","d_s_problem","d_s_info","true_stable",
2,"[0.154809500922213 -0.502700432313166 -0.211596972763406;-0.0690373330053912 -0.0417157876788029 0.112900099505363]","succes",0,"Successfully solved (MOSEK)",0,3,"Maximum iterations or time limit exceeded (BMIBNB)",1,

"epsilon","K","b_iqs","d_iqs_problem","d_iqs_info","b_s","d_s_problem","d_s_info","true_stable",
2,"[0.215440775666885 -0.822400603532346 -0.751396822591779;-0.382380877795669 0.582312100228922 1.01631677622764]","succes",0,"Successfully solved (MOSEK)",0,3,"Maximum iterations or time limit exceeded (BMIBNB)",1,

"epsilon","K","b_iqs","d_iqs_problem","d_iqs_info","b_s","d_s_problem","d_s_info","true_stable",
2,"[-0.109296467498592 -0.375077745286042 -0.188583536009728;-0.660661289745749 0.931814556429167 1.22605016794008]","succes",0,"Successfully solved (MOSEK)",0,3,"Maximum iterations or time limit exceeded (BMIBNB)",1,

"epsilon","K","b_iqs","d_iqs_problem","d_iqs_info","b_s","d_s_problem","d_s_info","true_stable",
2,"[0.0836180133526315 -0.350927752182554 -0.328162820346779;-0.439129807742265 0.501972609774891 0.715240748907611]","succes",0,"Successfully solved (MOSEK)",0,3,"Maximum iterations or time limit exceeded (BMIBNB)",1,

"epsilon","K","b_iqs","d_iqs_problem","d_iqs_info","b_s","d_s_problem","d_s_info","true_stable",
2,"[0.0991283636818918 -0.510440301614449 -0.391259490054481;0.0665693964170056 -0.137228806444579 0.00717577051367187]","succes",0,"Successfully solved (MOSEK)",0,3,"Maximum iterations or time limit exceeded (BMIBNB)",1,

"epsilon","K","b_iqs","d_iqs_problem","d_iqs_info","b_s","d_s_problem","d_s_info","true_stable",
2,"[0.195334496547665 -0.535210330245676 -0.274689771201973;-0.0433456616793082 0.198730978688644 0.393943731697883]","succes",0,"Successfully solved (MOSEK)",0,3,"Maximum iterations or time limit exceeded (BMIBNB)",1,

"epsilon","K","b_iqs","d_iqs_problem","d_iqs_info","b_s","d_s_problem","d_s_info","true_stable",
2,"[]","a or b not valid",0,"Successfully solved (MOSEK)",0,3,"Maximum iterations or time limit exceeded (BMIBNB)",-1,

"epsilon","K","b_iqs","d_iqs_problem","d_iqs_info","b_s","d_s_problem","d_s_info","true_stable",
2,"[]","a or b not valid",0,"Successfully solved (MOSEK)",0,3,"Maximum iterations or time limit exceeded (BMIBNB)",-1,

"epsilon","K","b_iqs","d_iqs_problem","d_iqs_info","b_s","d_s_problem","d_s_info","true_stable",
2,"[0.0396001295228314 -0.391175877974352 -0.232055752969058;-0.0750347431210468 0.069531868373962 0.356543219394263]","succes",0,"Successfully solved (MOSEK)",0,3,"Maximum iterations or time limit exceeded (BMIBNB)",1,

"epsilon","K","b_iqs","d_iqs_problem","d_iqs_info","b_s","d_s_problem","d_s_info","true_stable",
2,"[]","a or b not valid",0,"Successfully solved (MOSEK)",0,3,"Maximum iterations or time limit exceeded (BMIBNB)",-1,

"epsilon","K","b_iqs","d_iqs_problem","d_iqs_info","b_s","d_s_problem","d_s_info","true_stable",
2,"[0.294625755450999 -0.552069760861918 -0.425427044966002;-0.173172537120309 0.319966497907232 0.684168492542102]","succes",0,"Successfully solved (MOSEK)",0,3,"Maximum iterations or time limit exceeded (BMIBNB)",1,

"epsilon","K","b_iqs","d_iqs_problem","d_iqs_info","b_s","d_s_problem","d_s_info","true_stable",
2,"[-0.105237480574113 -0.41406953103272 -0.382377654557486;-0.581100799102032 0.517089819406643 0.799176040131396]","succes",0,"Successfully solved (MOSEK)",0,3,"Maximum iterations or time limit exceeded (BMIBNB)",1,

"epsilon","K","b_iqs","d_iqs_problem","d_iqs_info","b_s","d_s_problem","d_s_info","true_stable",
2,"[0.241365070609939 -0.698101705195972 -0.398082105744161;-0.00602394702303851 0.11616426703864 0.476925927748567]","succes",0,"Successfully solved (MOSEK)",0,3,"Maximum iterations or time limit exceeded (BMIBNB)",1,

"epsilon","K","b_iqs","d_iqs_problem","d_iqs_info","b_s","d_s_problem","d_s_info","true_stable",
2,"[0.435002196073246 -0.733011622967653 -0.724646976934087;-0.326765398788309 0.469053975209126 1.00543688348477]","succes",0,"Successfully solved (MOSEK)",0,3,"Maximum iterations or time limit exceeded (BMIBNB)",1,

"epsilon","K","b_iqs","d_iqs_problem","d_iqs_info","b_s","d_s_problem","d_s_info","true_stable",
2,"[-0.0348839995780499 -0.247378607031778 -0.123190763213465;0.0323411538490347 0.0640175442780215 0.183066573001557]","succes",0,"Successfully solved (MOSEK)",0,3,"Maximum iterations or time limit exceeded (BMIBNB)",0,

"epsilon","K","b_iqs","d_iqs_problem","d_iqs_info","b_s","d_s_problem","d_s_info","true_stable",
2,"[0.203398602049491 -0.439216034468998 -0.256019080659778;-0.174987255908428 0.433448501909704 0.840376195026715]","succes",0,"Successfully solved (MOSEK)",0,3,"Maximum iterations or time limit exceeded (BMIBNB)",1,

"epsilon","K","b_iqs","d_iqs_problem","d_iqs_info","b_s","d_s_problem","d_s_info","true_stable",
2,"[0.178883303156595 -0.567799006282226 -0.371743233291468;-0.149314735851078 0.593349344190111 0.823229923000582]","succes",0,"Successfully solved (MOSEK)",0,3,"Maximum iterations or time limit exceeded (BMIBNB)",1,

"epsilon","K","b_iqs","d_iqs_problem","d_iqs_info","b_s","d_s_problem","d_s_info","true_stable",
2,"[0.0647684301013978 -0.63126288281461 -0.468177329512724;-0.0688531270340437 0.143592386221308 0.463824145842344]","succes",0,"Successfully solved (MOSEK)",0,3,"Maximum iterations or time limit exceeded (BMIBNB)",1,

"epsilon","K","b_iqs","d_iqs_problem","d_iqs_info","b_s","d_s_problem","d_s_info","true_stable",
2,"[]","a or b not valid",0,"Successfully solved (MOSEK)",0,3,"Maximum iterations or time limit exceeded (BMIBNB)",-1,

"epsilon","K","b_iqs","d_iqs_problem","d_iqs_info","b_s","d_s_problem","d_s_info","true_stable",
2,"[]","a or b not valid",0,"Successfully solved (MOSEK)",0,3,"Maximum iterations or time limit exceeded (BMIBNB)",-1,

"epsilon","K","b_iqs","d_iqs_problem","d_iqs_info","b_s","d_s_problem","d_s_info","true_stable",
2,"[0.0260821657253901 -0.444987100095117 -0.362428543379783;-0.433338995389703 0.570006763584884 0.900352063144853]","succes",0,"Successfully solved (MOSEK)",0,3,"Maximum iterations or time limit exceeded (BMIBNB)",1,

"epsilon","K","b_iqs","d_iqs_problem","d_iqs_info","b_s","d_s_problem","d_s_info","true_stable",
2,"[0.0244568788108939 -0.676200086526896 -0.626382440994116;-0.124667338297845 0.780034217067499 0.974491922261053]","succes",0,"Successfully solved (MOSEK)",0,3,"Maximum iterations or time limit exceeded (BMIBNB)",1,

"epsilon","K","b_iqs","d_iqs_problem","d_iqs_info","b_s","d_s_problem","d_s_info","true_stable",
2,"[]","a or b not valid",0,"Successfully solved (MOSEK)",0,3,"Maximum iterations or time limit exceeded (BMIBNB)",-1,

"epsilon","K","b_iqs","d_iqs_problem","d_iqs_info","b_s","d_s_problem","d_s_info","true_stable",
2,"[]","a or b not valid",0,"Successfully solved (MOSEK)",0,3,"Maximum iterations or time limit exceeded (BMIBNB)",-1,

"epsilon","K","b_iqs","d_iqs_problem","d_iqs_info","b_s","d_s_problem","d_s_info","true_stable",
2,"[]","a or b not valid",0,"Successfully solved (MOSEK)",0,3,"Maximum iterations or time limit exceeded (BMIBNB)",-1,

"epsilon","K","b_iqs","d_iqs_problem","d_iqs_info","b_s","d_s_problem","d_s_info","true_stable",
2,"[]","a or b not valid",0,"Successfully solved (MOSEK)",0,3,"Maximum iterations or time limit exceeded (BMIBNB)",-1,

"epsilon","K","b_iqs","d_iqs_problem","d_iqs_info","b_s","d_s_problem","d_s_info","true_stable",
2,"[0.254155373789721 -0.651903546997755 -0.403559987820611;-0.0374494054217467 0.223852110343177 0.534237478434571]","succes",0,"Successfully solved (MOSEK)",0,3,"Maximum iterations or time limit exceeded (BMIBNB)",1,

"epsilon","K","b_iqs","d_iqs_problem","d_iqs_info","b_s","d_s_problem","d_s_info","true_stable",
2,"[]","a or b not valid",0,"Successfully solved (MOSEK)",0,3,"Maximum iterations or time limit exceeded (BMIBNB)",-1,

"epsilon","K","b_iqs","d_iqs_problem","d_iqs_info","b_s","d_s_problem","d_s_info","true_stable",
2,"[]","a or b not valid",0,"Successfully solved (MOSEK)",0,3,"Maximum iterations or time limit exceeded (BMIBNB)",-1,

"epsilon","K","b_iqs","d_iqs_problem","d_iqs_info","b_s","d_s_problem","d_s_info","true_stable",
2,"[0.284919927443492 -0.625482336732778 -0.301277642890397;-0.00367085647173643 0.384120890243543 0.923586064348411]","succes",0,"Successfully solved (MOSEK)",0,3,"Maximum iterations or time limit exceeded (BMIBNB)",1,

"epsilon","K","b_iqs","d_iqs_problem","d_iqs_info","b_s","d_s_problem","d_s_info","true_stable",
2,"[0.208165898199257 -0.381471884434992 0.21898028229587;0.0490265544016196 0.1097456922008 0.479561845154013]","succes",0,"Successfully solved (MOSEK)",0,3,"Maximum iterations or time limit exceeded (BMIBNB)",1,

"epsilon","K","b_iqs","d_iqs_problem","d_iqs_info","b_s","d_s_problem","d_s_info","true_stable",
2,"[]","a or b not valid",0,"Successfully solved (MOSEK)",0,3,"Maximum iterations or time limit exceeded (BMIBNB)",-1,

"epsilon","K","b_iqs","d_iqs_problem","d_iqs_info","b_s","d_s_problem","d_s_info","true_stable",
2,"[0.405364723617635 -0.70061377371 -0.60413520803117;-0.337539667310052 0.402932460292632 0.776901133278469]","succes",0,"Successfully solved (MOSEK)",0,3,"Maximum iterations or time limit exceeded (BMIBNB)",1,

"epsilon","K","b_iqs","d_iqs_problem","d_iqs_info","b_s","d_s_problem","d_s_info","true_stable",
2,"[0.0197089964607894 -0.472684094506639 -0.385848807677314;-0.106043727281466 0.182720188280633 0.274774314378335]","succes",0,"Successfully solved (MOSEK)",0,3,"Maximum iterations or time limit exceeded (BMIBNB)",1,

"epsilon","K","b_iqs","d_iqs_problem","d_iqs_info","b_s","d_s_problem","d_s_info","true_stable",
2,"[0.136829533740135 -0.4793512731876 -0.321306590077346;0.041551668468252 0.0358502988127301 0.36034131319439]","succes",0,"Successfully solved (MOSEK)",0,3,"Maximum iterations or time limit exceeded (BMIBNB)",1,

"epsilon","K","b_iqs","d_iqs_problem","d_iqs_info","b_s","d_s_problem","d_s_info","true_stable",
2,"[0.206714811053773 -0.409686816458005 -0.303027583474791;-0.0142772353531024 0.129303705737917 0.530694166960639]","succes",0,"Successfully solved (MOSEK)",0,3,"Maximum iterations or time limit exceeded (BMIBNB)",1,

"epsilon","K","b_iqs","d_iqs_problem","d_iqs_info","b_s","d_s_problem","d_s_info","true_stable",
2,"[]","a or b not valid",0,"Successfully solved (MOSEK)",0,3,"Maximum iterations or time limit exceeded (BMIBNB)",-1,

"epsilon","K","b_iqs","d_iqs_problem","d_iqs_info","b_s","d_s_problem","d_s_info","true_stable",
2,"[0.196453673770114 -0.550028520755614 -0.444446985106431;-0.166958695142937 0.48564614422422 0.723889230051214]","succes",0,"Successfully solved (MOSEK)",0,3,"Maximum iterations or time limit exceeded (BMIBNB)",1,

"epsilon","K","b_iqs","d_iqs_problem","d_iqs_info","b_s","d_s_problem","d_s_info","true_stable",
2,"[]","a or b not valid",0,"Successfully solved (MOSEK)",0,3,"Maximum iterations or time limit exceeded (BMIBNB)",-1,

"epsilon","K","b_iqs","d_iqs_problem","d_iqs_info","b_s","d_s_problem","d_s_info","true_stable",
2,"[]","a or b not valid",0,"Successfully solved (MOSEK)",0,3,"Maximum iterations or time limit exceeded (BMIBNB)",-1,

"epsilon","K","b_iqs","d_iqs_problem","d_iqs_info","b_s","d_s_problem","d_s_info","true_stable",
2,"[0.358061883167073 -0.722078965474787 -0.475622926906784;-0.205413282544126 0.352537454689118 0.513713249647242]","succes",0,"Successfully solved (MOSEK)",0,3,"Maximum iterations or time limit exceeded (BMIBNB)",1,

"epsilon","K","b_iqs","d_iqs_problem","d_iqs_info","b_s","d_s_problem","d_s_info","true_stable",
2,"[0.171284355044368 -0.385807133247461 0.0383444500577294;-0.0201886759937766 0.200358648167258 0.492904133846891]","succes",0,"Successfully solved (MOSEK)",0,3,"Maximum iterations or time limit exceeded (BMIBNB)",1,

"epsilon","K","b_iqs","d_iqs_problem","d_iqs_info","b_s","d_s_problem","d_s_info","true_stable",
2,"[]","a or b not valid",0,"Successfully solved (MOSEK)",0,3,"Maximum iterations or time limit exceeded (BMIBNB)",-1,

"epsilon","K","b_iqs","d_iqs_problem","d_iqs_info","b_s","d_s_problem","d_s_info","true_stable",
2,"[]","a or b not valid",0,"Successfully solved (MOSEK)",0,3,"Maximum iterations or time limit exceeded (BMIBNB)",-1,

"epsilon","K","b_iqs","d_iqs_problem","d_iqs_info","b_s","d_s_problem","d_s_info","true_stable",
2,"[]","a or b not valid",0,"Successfully solved (MOSEK)",0,3,"Maximum iterations or time limit exceeded (BMIBNB)",-1,

"epsilon","K","b_iqs","d_iqs_problem","d_iqs_info","b_s","d_s_problem","d_s_info","true_stable",
2,"[0.232584067333465 -0.576444831344731 -0.391400348873974;0.0129356556646152 0.202011553591933 0.619188083534828]","succes",0,"Successfully solved (MOSEK)",0,3,"Maximum iterations or time limit exceeded (BMIBNB)",1,

"epsilon","K","b_iqs","d_iqs_problem","d_iqs_info","b_s","d_s_problem","d_s_info","true_stable",
2,"[0.321784186049909 -0.556080836887985 -0.439931139835935;-0.0602099453290348 0.134322081097507 0.201577388246861]","succes",0,"Successfully solved (MOSEK)",0,3,"Maximum iterations or time limit exceeded (BMIBNB)",1,

"epsilon","K","b_iqs","d_iqs_problem","d_iqs_info","b_s","d_s_problem","d_s_info","true_stable",
2,"[0.249748774616055 -0.657047947468428 -0.464721991914329;-0.185978032258113 0.474405187665317 0.76321970753545]","succes",0,"Successfully solved (MOSEK)",0,3,"Maximum iterations or time limit exceeded (BMIBNB)",1,

"epsilon","K","b_iqs","d_iqs_problem","d_iqs_info","b_s","d_s_problem","d_s_info","true_stable",
2,"[0.0413065254909768 -0.267180329826244 -0.0467237087842832;0.0348686731525274 -0.0639435154866061 0.0812363406810028]","succes",0,"Successfully solved (MOSEK)",0,3,"Maximum iterations or time limit exceeded (BMIBNB)",0,

"epsilon","K","b_iqs","d_iqs_problem","d_iqs_info","b_s","d_s_problem","d_s_info","true_stable",
2,"[]","a or b not valid",0,"Successfully solved (MOSEK)",0,3,"Maximum iterations or time limit exceeded (BMIBNB)",-1,

"epsilon","K","b_iqs","d_iqs_problem","d_iqs_info","b_s","d_s_problem","d_s_info","true_stable",
2,"[]","a or b not valid",0,"Successfully solved (MOSEK)",0,3,"Maximum iterations or time limit exceeded (BMIBNB)",-1,

"epsilon","K","b_iqs","d_iqs_problem","d_iqs_info","b_s","d_s_problem","d_s_info","true_stable",
2,"[]","a or b not valid",0,"Successfully solved (MOSEK)",0,3,"Maximum iterations or time limit exceeded (BMIBNB)",-1,

"epsilon","K","b_iqs","d_iqs_problem","d_iqs_info","b_s","d_s_problem","d_s_info","true_stable",
2,"[0.070212034784677 -0.519582814017493 -0.466304274766914;-0.174200736005725 0.345743126473315 0.523755769246914]","succes",0,"Successfully solved (MOSEK)",0,3,"Maximum iterations or time limit exceeded (BMIBNB)",1,

"epsilon","K","b_iqs","d_iqs_problem","d_iqs_info","b_s","d_s_problem","d_s_info","true_stable",
2,"[]","a or b not valid",0,"Successfully solved (MOSEK)",0,3,"Maximum iterations or time limit exceeded (BMIBNB)",-1,

"epsilon","K","b_iqs","d_iqs_problem","d_iqs_info","b_s","d_s_problem","d_s_info","true_stable",
2,"[]","a or b not valid",0,"Successfully solved (MOSEK)",0,3,"Maximum iterations or time limit exceeded (BMIBNB)",-1,

"epsilon","K","b_iqs","d_iqs_problem","d_iqs_info","b_s","d_s_problem","d_s_info","true_stable",
2,"[-0.0518363697057475 -0.278874840222487 -0.0755552187766445;0.0374639325841565 0.160263185308352 0.221720062053712]","succes",0,"Successfully solved (MOSEK)",0,3,"Maximum iterations or time limit exceeded (BMIBNB)",0,

"epsilon","K","b_iqs","d_iqs_problem","d_iqs_info","b_s","d_s_problem","d_s_info","true_stable",
2,"[0.0653044917233966 -0.543365336547427 -0.432038743976508;0.0117448155978329 0.120051488651888 0.379869779318638]","succes",0,"Successfully solved (MOSEK)",0,3,"Maximum iterations or time limit exceeded (BMIBNB)",1,

"epsilon","K","b_iqs","d_iqs_problem","d_iqs_info","b_s","d_s_problem","d_s_info","true_stable",
2,"[]","a or b not valid",0,"Successfully solved (MOSEK)",0,3,"Maximum iterations or time limit exceeded (BMIBNB)",-1,

"epsilon","K","b_iqs","d_iqs_problem","d_iqs_info","b_s","d_s_problem","d_s_info","true_stable",
2,"[-0.0505651215444384 -0.282244474433327 0.00251155711307064;0.207351417006804 -0.0460233759044465 0.622844990362779]","succes",0,"Successfully solved (MOSEK)",0,3,"Maximum iterations or time limit exceeded (BMIBNB)",0,

"epsilon","K","b_iqs","d_iqs_problem","d_iqs_info","b_s","d_s_problem","d_s_info","true_stable",
2,"[]","a or b not valid",0,"Successfully solved (MOSEK)",0,3,"Maximum iterations or time limit exceeded (BMIBNB)",-1,

"epsilon","K","b_iqs","d_iqs_problem","d_iqs_info","b_s","d_s_problem","d_s_info","true_stable",
2,"[0.0651350067504833 -0.394659612297592 -0.367987071711;-0.12918451121665 0.332859348113715 0.664636848351348]","succes",0,"Successfully solved (MOSEK)",0,3,"Maximum iterations or time limit exceeded (BMIBNB)",1,

"epsilon","K","b_iqs","d_iqs_problem","d_iqs_info","b_s","d_s_problem","d_s_info","true_stable",
2,"[]","a or b not valid",0,"Successfully solved (MOSEK)",0,3,"Maximum iterations or time limit exceeded (BMIBNB)",-1,

"epsilon","K","b_iqs","d_iqs_problem","d_iqs_info","b_s","d_s_problem","d_s_info","true_stable",
2,"[]","a or b not valid",0,"Successfully solved (MOSEK)",0,3,"Maximum iterations or time limit exceeded (BMIBNB)",-1,

"epsilon","K","b_iqs","d_iqs_problem","d_iqs_info","b_s","d_s_problem","d_s_info","true_stable",
2,"[0.0321547209512535 -0.414539234185016 -0.326773581665248;-0.0781804757551033 0.252828582645862 0.447575063331656]","succes",0,"Successfully solved (MOSEK)",0,3,"Maximum iterations or time limit exceeded (BMIBNB)",1,

"epsilon","K","b_iqs","d_iqs_problem","d_iqs_info","b_s","d_s_problem","d_s_info","true_stable",
2,"[]","a or b not valid",0,"Successfully solved (MOSEK)",0,3,"Maximum iterations or time limit exceeded (BMIBNB)",-1,

"epsilon","K","b_iqs","d_iqs_problem","d_iqs_info","b_s","d_s_problem","d_s_info","true_stable",
2,"[0.0200371701748421 0.007682905202943 -0.0958315660506998;0.0140573586142894 0.0278358058680077 0.0426637950421279]","succes",0,"Successfully solved (MOSEK)",0,3,"Maximum iterations or time limit exceeded (BMIBNB)",0,

"epsilon","K","b_iqs","d_iqs_problem","d_iqs_info","b_s","d_s_problem","d_s_info","true_stable",
2,"[-0.0910364314673767 -0.715193082397718 -0.466840889655668;-0.121963272333243 0.454641437750603 0.701852555641902]","succes",0,"Successfully solved (MOSEK)",0,3,"Maximum iterations or time limit exceeded (BMIBNB)",1,

"epsilon","K","b_iqs","d_iqs_problem","d_iqs_info","b_s","d_s_problem","d_s_info","true_stable",
2,"[]","a or b not valid",0,"Successfully solved (MOSEK)",0,3,"Maximum iterations or time limit exceeded (BMIBNB)",-1,

"epsilon","K","b_iqs","d_iqs_problem","d_iqs_info","b_s","d_s_problem","d_s_info","true_stable",
2,"[0.102228192694879 -0.643623188232694 -0.537694036802069;-0.0830969920759895 0.297127789107893 0.62512984832272]","succes",0,"Successfully solved (MOSEK)",0,3,"Maximum iterations or time limit exceeded (BMIBNB)",1,

"epsilon","K","b_iqs","d_iqs_problem","d_iqs_info","b_s","d_s_problem","d_s_info","true_stable",
2,"[]","a or b not valid",0,"Successfully solved (MOSEK)",0,3,"Maximum iterations or time limit exceeded (BMIBNB)",-1,

"epsilon","K","b_iqs","d_iqs_problem","d_iqs_info","b_s","d_s_problem","d_s_info","true_stable",
2,"[0.181768049549146 -0.778519658268085 -0.777698413287794;-0.0373124738647085 -0.116309487774255 0.0860172151497266]","succes",0,"Successfully solved (MOSEK)",0,3,"Maximum iterations or time limit exceeded (BMIBNB)",1,

"epsilon","K","b_iqs","d_iqs_problem","d_iqs_info","b_s","d_s_problem","d_s_info","true_stable",
2,"[0.118861685513164 -0.577549218924538 -0.569498268199464;-0.383100761388823 0.621365776654625 1.27581543847875]","succes",0,"Successfully solved (MOSEK)",0,3,"Maximum iterations or time limit exceeded (BMIBNB)",1,

"epsilon","K","b_iqs","d_iqs_problem","d_iqs_info","b_s","d_s_problem","d_s_info","true_stable",
2,"[0.24548744968974 -0.580892704157166 -0.513592494240455;-0.183631360437821 0.313571607169472 0.59570505766271]","succes",0,"Successfully solved (MOSEK)",0,3,"Maximum iterations or time limit exceeded (BMIBNB)",1,

"epsilon","K","b_iqs","d_iqs_problem","d_iqs_info","b_s","d_s_problem","d_s_info","true_stable",
2,"[0.448308207337273 -0.767813468809092 -0.0393145232031974;-0.0247128834429274 0.168075445139877 0.455870543614766]","succes",0,"Successfully solved (MOSEK)",0,3,"Maximum iterations or time limit exceeded (BMIBNB)",1,

"epsilon","K","b_iqs","d_iqs_problem","d_iqs_info","b_s","d_s_problem","d_s_info","true_stable",
2,"[-0.116065012399773 -0.202136166511484 -0.0379520414883193;-0.957097087434511 0.454353752466384 0.939791258040284]","succes",0,"Successfully solved (MOSEK)",0,3,"Maximum iterations or time limit exceeded (BMIBNB)",1,

"epsilon","K","b_iqs","d_iqs_problem","d_iqs_info","b_s","d_s_problem","d_s_info","true_stable",
2,"[0.317450428857115 -0.621947167781479 -0.619739717863634;-0.436203348823641 0.479293113609978 1.00522195417575]","succes",0,"Successfully solved (MOSEK)",0,3,"Maximum iterations or time limit exceeded (BMIBNB)",1,

"epsilon","K","b_iqs","d_iqs_problem","d_iqs_info","b_s","d_s_problem","d_s_info","true_stable",
2,"[]","a or b not valid",0,"Successfully solved (MOSEK)",0,3,"Maximum iterations or time limit exceeded (BMIBNB)",-1,

"epsilon","K","b_iqs","d_iqs_problem","d_iqs_info","b_s","d_s_problem","d_s_info","true_stable",
2,"[0.131093047860691 -0.708802467406221 -0.561989149589554;-0.222008714929571 0.693198872602871 0.93175099853418]","succes",0,"Successfully solved (MOSEK)",0,3,"Maximum iterations or time limit exceeded (BMIBNB)",1,

"epsilon","K","b_iqs","d_iqs_problem","d_iqs_info","b_s","d_s_problem","d_s_info","true_stable",
2,"[0.115518685123311 -0.627461624053513 -0.569174415721036;-0.174905354854036 0.410599454934015 0.599754868784438]","succes",0,"Successfully solved (MOSEK)",0,3,"Maximum iterations or time limit exceeded (BMIBNB)",1,

"epsilon","K","b_iqs","d_iqs_problem","d_iqs_info","b_s","d_s_problem","d_s_info","true_stable",
2,"[0.224357872599922 -0.592234963095554 -0.533242494303844;-0.426624933172148 0.768384541733159 1.12822567787026]","succes",0,"Successfully solved (MOSEK)",0,3,"Maximum iterations or time limit exceeded (BMIBNB)",1,

"epsilon","K","b_iqs","d_iqs_problem","d_iqs_info","b_s","d_s_problem","d_s_info","true_stable",
2,"[0.603114672011729 -1.34473667223128 -1.45891354596385;-0.125446504680493 0.141375429068995 0.323674944088885]","succes",0,"Successfully solved (MOSEK)",0,3,"Maximum iterations or time limit exceeded (BMIBNB)",0,

"epsilon","K","b_iqs","d_iqs_problem","d_iqs_info","b_s","d_s_problem","d_s_info","true_stable",
2,"[]","a or b not valid",0,"Successfully solved (MOSEK)",0,3,"Maximum iterations or time limit exceeded (BMIBNB)",-1,

"epsilon","K","b_iqs","d_iqs_problem","d_iqs_info","b_s","d_s_problem","d_s_info","true_stable",
2,"[0.000601715668827467 -0.617394892981848 -0.61498541370125;-0.14906251629924 0.22521430591751 0.596874872719951]","succes",0,"Successfully solved (MOSEK)",0,3,"Maximum iterations or time limit exceeded (BMIBNB)",1,

"epsilon","K","b_iqs","d_iqs_problem","d_iqs_info","b_s","d_s_problem","d_s_info","true_stable",
2,"[]","a or b not valid",0,"Successfully solved (MOSEK)",0,3,"Maximum iterations or time limit exceeded (BMIBNB)",-1,

"epsilon","K","b_iqs","d_iqs_problem","d_iqs_info","b_s","d_s_problem","d_s_info","true_stable",
2,"[0.193222432275499 -0.704608118389008 -0.601995324931301;-0.0397042278985607 0.245650372108376 0.544439105970401]","succes",0,"Successfully solved (MOSEK)",0,3,"Maximum iterations or time limit exceeded (BMIBNB)",1,

"epsilon","K","b_iqs","d_iqs_problem","d_iqs_info","b_s","d_s_problem","d_s_info","true_stable",
2,"[]","a or b not valid",0,"Successfully solved (MOSEK)",0,3,"Maximum iterations or time limit exceeded (BMIBNB)",-1,

"epsilon","K","b_iqs","d_iqs_problem","d_iqs_info","b_s","d_s_problem","d_s_info","true_stable",
2,"[0.297279052821399 -0.882498750005062 -0.848039006471594;-0.572518230173634 0.876168193878736 1.14980933019915]","succes",0,"Successfully solved (MOSEK)",0,3,"Maximum iterations or time limit exceeded (BMIBNB)",0,

"epsilon","K","b_iqs","d_iqs_problem","d_iqs_info","b_s","d_s_problem","d_s_info","true_stable",
2,"[]","a or b not valid",0,"Successfully solved (MOSEK)",0,3,"Maximum iterations or time limit exceeded (BMIBNB)",-1,

"epsilon","K","b_iqs","d_iqs_problem","d_iqs_info","b_s","d_s_problem","d_s_info","true_stable",
2,"[]","a or b not valid",0,"Successfully solved (MOSEK)",0,3,"Maximum iterations or time limit exceeded (BMIBNB)",-1,

"epsilon","K","b_iqs","d_iqs_problem","d_iqs_info","b_s","d_s_problem","d_s_info","true_stable",
2,"[]","a or b not valid",0,"Successfully solved (MOSEK)",0,3,"Maximum iterations or time limit exceeded (BMIBNB)",-1,

"epsilon","K","b_iqs","d_iqs_problem","d_iqs_info","b_s","d_s_problem","d_s_info","true_stable",
2,"[0.296500999315809 -0.524890837530875 -0.501363618454748;-0.321744271883378 0.299163124487825 0.659163549900385]","succes",0,"Successfully solved (MOSEK)",0,3,"Maximum iterations or time limit exceeded (BMIBNB)",1,

"epsilon","K","b_iqs","d_iqs_problem","d_iqs_info","b_s","d_s_problem","d_s_info","true_stable",
2,"[]","a or b not valid",0,"Successfully solved (MOSEK)",0,3,"Maximum iterations or time limit exceeded (BMIBNB)",-1,

"epsilon","K","b_iqs","d_iqs_problem","d_iqs_info","b_s","d_s_problem","d_s_info","true_stable",
2,"[0.0380249021584696 -0.37696368721203 -0.202826194699298;0.0149768507438456 0.196762523502346 0.569192702221175]","succes",0,"Successfully solved (MOSEK)",0,3,"Maximum iterations or time limit exceeded (BMIBNB)",1,

"epsilon","K","b_iqs","d_iqs_problem","d_iqs_info","b_s","d_s_problem","d_s_info","true_stable",
2,"[]","a or b not valid",0,"Successfully solved (MOSEK)",0,3,"Maximum iterations or time limit exceeded (BMIBNB)",-1,

"epsilon","K","b_iqs","d_iqs_problem","d_iqs_info","b_s","d_s_problem","d_s_info","true_stable",
2,"[0.28278067473886 -0.870652749315306 -0.931629731380904;-0.0394141507746589 0.292797099917622 0.492158945923133]","succes",0,"Successfully solved (MOSEK)",0,3,"Maximum iterations or time limit exceeded (BMIBNB)",1,

"epsilon","K","b_iqs","d_iqs_problem","d_iqs_info","b_s","d_s_problem","d_s_info","true_stable",
2,"[0.144881932539434 -0.644489029660921 -0.330457515102454;-0.00175221370006312 0.740986514095327 1.20168023517166]","succes",0,"Successfully solved (MOSEK)",0,3,"Maximum iterations or time limit exceeded (BMIBNB)",1,

"epsilon","K","b_iqs","d_iqs_problem","d_iqs_info","b_s","d_s_problem","d_s_info","true_stable",
2,"[0.0602176274538629 -0.345966108482539 -0.196853748932513;-0.665164569661184 0.58788954828053 1.20856168507077]","succes",0,"Successfully solved (MOSEK)",0,3,"Maximum iterations or time limit exceeded (BMIBNB)",1,

"epsilon","K","b_iqs","d_iqs_problem","d_iqs_info","b_s","d_s_problem","d_s_info","true_stable",
2,"[0.071625086879685 -0.487410122401121 -0.287376906359133;0.0300448896080242 0.177097891692006 0.496811252315125]","succes",0,"Successfully solved (MOSEK)",0,3,"Maximum iterations or time limit exceeded (BMIBNB)",1,

"epsilon","K","b_iqs","d_iqs_problem","d_iqs_info","b_s","d_s_problem","d_s_info","true_stable",
2,"[0.143411944194465 -0.549525040329056 -0.397823336636198;-0.0739008602479955 0.150637078992263 0.451978297471275]","succes",0,"Successfully solved (MOSEK)",0,3,"Maximum iterations or time limit exceeded (BMIBNB)",1,

"epsilon","K","b_iqs","d_iqs_problem","d_iqs_info","b_s","d_s_problem","d_s_info","true_stable",
2,"[0.15232652593101 -0.882638672331345 -0.808330481185963;-0.102995329986156 0.357174201283211 0.677198991266607]","succes",0,"Successfully solved (MOSEK)",0,3,"Maximum iterations or time limit exceeded (BMIBNB)",1,

"epsilon","K","b_iqs","d_iqs_problem","d_iqs_info","b_s","d_s_problem","d_s_info","true_stable",
2,"[0.0133034722592298 -0.481770898037927 -0.380818958941836;-0.0823062702600845 0.775152226299938 1.15401224871654]","succes",0,"Successfully solved (MOSEK)",0,3,"Maximum iterations or time limit exceeded (BMIBNB)",1,

"epsilon","K","b_iqs","d_iqs_problem","d_iqs_info","b_s","d_s_problem","d_s_info","true_stable",
2,"[0.0710818056759224 -0.581747068325825 -0.340574226169169;-0.0407921344110722 0.170451642294006 0.587766342066186]","succes",0,"Successfully solved (MOSEK)",0,3,"Maximum iterations or time limit exceeded (BMIBNB)",1,

"epsilon","K","b_iqs","d_iqs_problem","d_iqs_info","b_s","d_s_problem","d_s_info","true_stable",
2,"[0.33178046949997 -1.03157766853319 -1.03968271309211;-0.31717953169601 0.734701144917006 1.01881663038616]","succes",0,"Successfully solved (MOSEK)",0,3,"Maximum iterations or time limit exceeded (BMIBNB)",0,

"epsilon","K","b_iqs","d_iqs_problem","d_iqs_info","b_s","d_s_problem","d_s_info","true_stable",
2,"[0.00194949734754983 -0.698286871514631 -0.658546615894765;-0.0821877260409761 0.163577929219156 0.466556260456347]","succes",0,"Successfully solved (MOSEK)",0,3,"Maximum iterations or time limit exceeded (BMIBNB)",1,

"epsilon","K","b_iqs","d_iqs_problem","d_iqs_info","b_s","d_s_problem","d_s_info","true_stable",
2,"[]","a or b not valid",0,"Successfully solved (MOSEK)",0,3,"Maximum iterations or time limit exceeded (BMIBNB)",-1,

"epsilon","K","b_iqs","d_iqs_problem","d_iqs_info","b_s","d_s_problem","d_s_info","true_stable",
2,"[0.161166458818319 -0.65303130869777 -0.657716304709496;-0.204444914090758 0.290264698114247 0.446153653493669]","succes",0,"Successfully solved (MOSEK)",0,3,"Maximum iterations or time limit exceeded (BMIBNB)",1,

"epsilon","K","b_iqs","d_iqs_problem","d_iqs_info","b_s","d_s_problem","d_s_info","true_stable",
2,"[]","a or b not valid",0,"Successfully solved (MOSEK)",0,3,"Maximum iterations or time limit exceeded (BMIBNB)",-1,

"epsilon","K","b_iqs","d_iqs_problem","d_iqs_info","b_s","d_s_problem","d_s_info","true_stable",
2,"[0.24339858050627 -0.587276758391743 -0.552641957042778;-0.24348059744349 0.467183802563496 0.681315942213902]","succes",0,"Successfully solved (MOSEK)",0,3,"Maximum iterations or time limit exceeded (BMIBNB)",1,

"epsilon","K","b_iqs","d_iqs_problem","d_iqs_info","b_s","d_s_problem","d_s_info","true_stable",
2,"[-0.0106604114958973 -0.352712592367523 -0.0304417888988761;-0.0465596833574674 0.134779404245655 0.383002606106855]","succes",0,"Successfully solved (MOSEK)",0,3,"Maximum iterations or time limit exceeded (BMIBNB)",1,

"epsilon","K","b_iqs","d_iqs_problem","d_iqs_info","b_s","d_s_problem","d_s_info","true_stable",
2,"[0.0714153733970391 -0.518489668901152 -0.3472892410533;-0.0146010569935736 0.280688927516156 0.514264531904306]","succes",0,"Successfully solved (MOSEK)",0,3,"Maximum iterations or time limit exceeded (BMIBNB)",1,

"epsilon","K","b_iqs","d_iqs_problem","d_iqs_info","b_s","d_s_problem","d_s_info","true_stable",
2,"[]","a or b not valid",0,"Successfully solved (MOSEK)",0,3,"Maximum iterations or time limit exceeded (BMIBNB)",-1,

"epsilon","K","b_iqs","d_iqs_problem","d_iqs_info","b_s","d_s_problem","d_s_info","true_stable",
2,"[0.207874529415849 -0.681727983289246 -0.570444940771385;0.0936526981993601 0.0527674722221366 0.544086037082609]","succes",0,"Successfully solved (MOSEK)",0,3,"Maximum iterations or time limit exceeded (BMIBNB)",1,

"epsilon","K","b_iqs","d_iqs_problem","d_iqs_info","b_s","d_s_problem","d_s_info","true_stable",
2,"[0.199560009320656 -0.502051238348935 -0.115662256155607;-0.0355249403211046 0.283843527062175 0.749820844145233]","succes",0,"Successfully solved (MOSEK)",0,3,"Maximum iterations or time limit exceeded (BMIBNB)",1,

"epsilon","K","b_iqs","d_iqs_problem","d_iqs_info","b_s","d_s_problem","d_s_info","true_stable",
2,"[0.294212797159743 -0.761181096419097 -0.760666740506799;-0.175980820360874 0.518299037658218 0.684540793404021]","succes",0,"Successfully solved (MOSEK)",0,3,"Maximum iterations or time limit exceeded (BMIBNB)",1,

"epsilon","K","b_iqs","d_iqs_problem","d_iqs_info","b_s","d_s_problem","d_s_info","true_stable",
2,"[0.241582125021656 -0.653573759048738 -0.608661429279481;0.10513181473554 -0.164729197090536 -0.0850242612303185]","succes",0,"Successfully solved (MOSEK)",0,3,"Maximum iterations or time limit exceeded (BMIBNB)",1,

"epsilon","K","b_iqs","d_iqs_problem","d_iqs_info","b_s","d_s_problem","d_s_info","true_stable",
2,"[]","a or b not valid",0,"Successfully solved (MOSEK)",0,3,"Maximum iterations or time limit exceeded (BMIBNB)",-1,

"epsilon","K","b_iqs","d_iqs_problem","d_iqs_info","b_s","d_s_problem","d_s_info","true_stable",
2,"[0.180375397969594 -0.554607522619745 -0.510942958784487;-0.194079144186781 0.272683533788753 0.463590404211835]","succes",0,"Successfully solved (MOSEK)",0,3,"Maximum iterations or time limit exceeded (BMIBNB)",1,

"epsilon","K","b_iqs","d_iqs_problem","d_iqs_info","b_s","d_s_problem","d_s_info","true_stable",
2,"[]","a or b not valid",0,"Successfully solved (MOSEK)",0,3,"Maximum iterations or time limit exceeded (BMIBNB)",-1,

"epsilon","K","b_iqs","d_iqs_problem","d_iqs_info","b_s","d_s_problem","d_s_info","true_stable",
2,"[]","a or b not valid",0,"Successfully solved (MOSEK)",0,3,"Maximum iterations or time limit exceeded (BMIBNB)",-1,

"epsilon","K","b_iqs","d_iqs_problem","d_iqs_info","b_s","d_s_problem","d_s_info","true_stable",
2,"[0.224570279493708 -0.820925424139889 -0.719907498449044;-0.0670150543894093 0.342682152805967 0.622698489968714]","succes",0,"Successfully solved (MOSEK)",0,3,"Maximum iterations or time limit exceeded (BMIBNB)",1,

